Struct,spoc RPC,Telemtry Type,mnumonic,unit,coord.frame,description,type,range,valid range,,"ops limits (< or > is bad, = is ok) NOTE: readings at 28 degree C",,,,
,,,,,,,,,,Limit Check?,low,nominal,high,logic,notes
lemadcs_housekeeping_t,sat.lemadcs.hk(),lemadcs_housekeeping,m0_lemadcs.bootcount,,,MCU bootcount,,,,,,,,,
lemadcs_housekeeping_t,sat.lemadcs.hk(),lemadcs_housekeeping,m0_lemadcs.bootcount_safe,,,"MCU ""safe"" bootcount number",,,,,,,,,
lemadcs_housekeeping_t,sat.lemadcs.hk(),lemadcs_housekeeping,m0_lemadcs.ccycle_ct,,,control cycle counter,,,,,,,,,
lemadcs_housekeeping_t,sat.lemadcs.hk(),lemadcs_housekeeping,m0_lemadcs.ccycle_monitor_failure_ct,,,counter of control cycle monitor failures,,,,,,,,,
lemadcs_housekeeping_t,sat.lemadcs.hk(),lemadcs_housekeeping,m0_lemadcs.ccycle_stall_ct,,,counter of control cycle stalls,,,,,,,,,
lemadcs_housekeeping_t,sat.lemadcs.hk(),lemadcs_housekeeping,m0_lemadcs.ccycle_time_ms,,,the current control cycle time in miliseconds,,,,WARN,,,2100,,
lemadcs_housekeeping_t,sat.lemadcs.hk(),lemadcs_housekeeping,m0_lemadcs.dre_err_ct,,,dre error counter,,,,,,,,,
lemadcs_housekeeping_t,sat.lemadcs.hk(),lemadcs_housekeeping,m0_lemadcs.dre_reset_ct,,,dre reset counter,,,,,,,,,
lemadcs_housekeeping_t,sat.lemadcs.hk(),lemadcs_housekeeping,m0_lemadcs.imu1_err_ct,,,imu1 error counter,,,,,,,,,
lemadcs_housekeeping_t,sat.lemadcs.hk(),lemadcs_housekeeping,m0_lemadcs.imu2_err_ct,,,imu2 error counter,,,,,,,,,
lemadcs_housekeeping_t,sat.lemadcs.hk(),lemadcs_housekeeping,m0_lemadcs.lifetime_reboot_hw_ct,,,lifetime hw reboot counter,,,,,,,,,
lemadcs_housekeeping_t,sat.lemadcs.hk(),lemadcs_housekeeping,m0_lemadcs.lifetime_reboot_sw_ct,,,lifetime sw reboot counter,,,,,,,,,
lemadcs_housekeeping_t,sat.lemadcs.hk(),lemadcs_housekeeping,m0_lemadcs.nand_fs_free_space_kb,,,free space left ont he filesystem,,,,WARN,100000,,,,
lemadcs_housekeeping_t,sat.lemadcs.hk(),lemadcs_housekeeping,m0_lemadcs.uptime_s,,,MCU uptime,,,,,,,,,
lemadcs_housekeeping_t,sat.lemadcs.hk(),lemadcs_housekeeping,m1_nads1.err_ct,,,node reported error counter,,,,,,,,,
lemadcs_housekeeping_t,sat.lemadcs.hk(),lemadcs_housekeeping,m1_nads1.irs1_err_ct,,,irs1 sensor error counter,,,,,,,,,
lemadcs_housekeeping_t,sat.lemadcs.hk(),lemadcs_housekeeping,m1_nads1.irs2_err_ct,,,irs2 sensor error counter,,,,,,,,,
lemadcs_housekeeping_t,sat.lemadcs.hk(),lemadcs_housekeeping,m1_nads1.irs3_err_ct,,,irs3 sensor error counter,,,,,,,,,
lemadcs_housekeeping_t,sat.lemadcs.hk(),lemadcs_housekeeping,m1_nads1.reboot_cmd_ct,,,commanded reboot counter,,,,,,,,,
lemadcs_housekeeping_t,sat.lemadcs.hk(),lemadcs_housekeeping,m1_nads1.reboot_total_ct,,,total reboot counter,,,,,,,,,
lemadcs_housekeeping_t,sat.lemadcs.hk(),lemadcs_housekeeping,m1_nads1.time_taken_ms,,,time taken for sensor read loop,,,,,,,,,
lemadcs_housekeeping_t,sat.lemadcs.hk(),lemadcs_housekeeping,m1_nads1.timeout_ct,,,timeout counter,,,,,,,,,
lemadcs_housekeeping_t,sat.lemadcs.hk(),lemadcs_housekeeping,m1_nads1.uptime_s,,,node uptime,,,,,,,,,
lemadcs_housekeeping_t,sat.lemadcs.hk(),lemadcs_housekeeping,m2_nads2.err_ct,,,node reported error counter,,,,,,,,,
lemadcs_housekeeping_t,sat.lemadcs.hk(),lemadcs_housekeeping,m2_nads2.irs1_err_ct,,,irs1 sensor error counter,,,,,,,,,
lemadcs_housekeeping_t,sat.lemadcs.hk(),lemadcs_housekeeping,m2_nads2.irs2_err_ct,,,irs2 sensor error counter,,,,,,,,,
lemadcs_housekeeping_t,sat.lemadcs.hk(),lemadcs_housekeeping,m2_nads2.irs3_err_ct,,,irs3 sensor error counter,,,,,,,,,
lemadcs_housekeeping_t,sat.lemadcs.hk(),lemadcs_housekeeping,m2_nads2.reboot_cmd_ct,,,commanded reboot counter,,,,,,,,,
lemadcs_housekeeping_t,sat.lemadcs.hk(),lemadcs_housekeeping,m2_nads2.reboot_total_ct,,,total reboot counter,,,,,,,,,
lemadcs_housekeeping_t,sat.lemadcs.hk(),lemadcs_housekeeping,m2_nads2.time_taken_ms,,,time taken for sensor read loop,,,,,,,,,
lemadcs_housekeeping_t,sat.lemadcs.hk(),lemadcs_housekeeping,m2_nads2.timeout_ct,,,communications timeout counter,,,,,,,,,
lemadcs_housekeeping_t,sat.lemadcs.hk(),lemadcs_housekeeping,m2_nads2.uptime_s,,,node uptime,,,,,,,,,
lemadcs_housekeeping_t,sat.lemadcs.hk(),lemadcs_housekeeping,m3_magcss.css_adc1_err_ct,,,css adc1 sensor error counter,,,,,,,,,
lemadcs_housekeeping_t,sat.lemadcs.hk(),lemadcs_housekeeping,m3_magcss.css_adc2_err_ct,,,css adc2 sensor error counter,,,,,,,,,
lemadcs_housekeeping_t,sat.lemadcs.hk(),lemadcs_housekeeping,m3_magcss.css_adc3_err_ct,,,css adc3 sensor error counter,,,,,,,,,
lemadcs_housekeeping_t,sat.lemadcs.hk(),lemadcs_housekeeping,m3_magcss.err_ct,,,node reported error counter,,,,,,,,,
lemadcs_housekeeping_t,sat.lemadcs.hk(),lemadcs_housekeeping,m3_magcss.mag1_err_ct,,,mag1 sensor error conuter,,,,,,,,,
lemadcs_housekeeping_t,sat.lemadcs.hk(),lemadcs_housekeeping,m3_magcss.mag2_err_ct,,,mag2 sensor error conuter,,,,,,,,,
lemadcs_housekeeping_t,sat.lemadcs.hk(),lemadcs_housekeeping,m3_magcss.reboot_cmd_ct,,,commanded reboot counter,,,,,,,,,
lemadcs_housekeeping_t,sat.lemadcs.hk(),lemadcs_housekeeping,m3_magcss.reboot_total_ct,,,total reboot counter,,,,,,,,,
lemadcs_housekeeping_t,sat.lemadcs.hk(),lemadcs_housekeeping,m3_magcss.time_taken_ms,,,time taken for sensor read loop,,,,,,,,,
lemadcs_housekeeping_t,sat.lemadcs.hk(),lemadcs_housekeeping,m3_magcss.timeout_ct,,,communications timeout counter,,,,,,,,,
lemadcs_housekeeping_t,sat.lemadcs.hk(),lemadcs_housekeeping,m3_magcss.uptime_s,,,node uptime,,,,,,,,,
lemadcs_housekeeping_t,sat.lemadcs.hk(),lemadcs_housekeeping,m4_zencss.css_adc1_err_ct,,,css adc1 sensor error counter,,,,,,,,,
lemadcs_housekeeping_t,sat.lemadcs.hk(),lemadcs_housekeeping,m4_zencss.css_adc2_err_ct,,,css adc2 sensor error counter,,,,,,,,,
lemadcs_housekeeping_t,sat.lemadcs.hk(),lemadcs_housekeeping,m4_zencss.err_ct,,,node reported error counter,,,,,,,,,
lemadcs_housekeeping_t,sat.lemadcs.hk(),lemadcs_housekeeping,m4_zencss.reboot_cmd_ct,,,commanded reboot counter,,,,,,,,,
lemadcs_housekeeping_t,sat.lemadcs.hk(),lemadcs_housekeeping,m4_zencss.reboot_total_ct,,,total reboot counter,,,,,,,,,
lemadcs_housekeeping_t,sat.lemadcs.hk(),lemadcs_housekeeping,m4_zencss.time_taken_ms,,,time taken for sensor read loop,,,,,,,,,
lemadcs_housekeeping_t,sat.lemadcs.hk(),lemadcs_housekeeping,m4_zencss.timeout_ct,,,communications timeout counter,,,,,,,,,
lemadcs_housekeeping_t,sat.lemadcs.hk(),lemadcs_housekeeping,m4_zencss.uptime_s,,,node uptime,,,,,,,,,
lemadcs_housekeeping_t,sat.lemadcs.hk(),lemadcs_housekeeping,power.avg_12v_est_mW,,,"power draw on the 12V ADCS PDU channel, estimated ",,,,,,,,,
lemadcs_housekeeping_t,sat.lemadcs.hk(),lemadcs_housekeeping,power.avg_5v_est_mW,,,"power draw on the 5V ADCS PDU channel, estimated ",,,,,,,,,
lemadcs_housekeeping_t,sat.lemadcs.hk(),lemadcs_housekeeping,power.avg_total_est_mW,,,"power draw on the ADCS PDU channels, estimated ",,,,,,,,,
lemadcs_housekeeping_t,sat.lemadcs.hk(),lemadcs_housekeeping,power.dre_12v_i_mA,,,"Reaction wheel Drive Electronics, 12V current ",,,,x,,,,,
lemadcs_housekeeping_t,sat.lemadcs.hk(),lemadcs_housekeeping,power.dre_12v_mV,,,"Reaction wheel Drive Electronics, 12V voltage ",,,,x,,,,,
lemadcs_housekeeping_t,sat.lemadcs.hk(),lemadcs_housekeeping,power.dre_5v_i_mA,,,"Reaction wheel Drive Electronics, 5V current ",,,,x,,,,,
lemadcs_housekeeping_t,sat.lemadcs.hk(),lemadcs_housekeeping,power.dre_5v_mV,,,"Reaction wheel Drive Electronics, 5V voltage ",,,,x,,,,,
lemadcs_housekeeping_t,sat.lemadcs.hk(),lemadcs_housekeeping,power.fault_status,,,fault status bits indicating fault state of power channels on the lemadcs,,,,,,,,,
lemadcs_housekeeping_t,sat.lemadcs.hk(),lemadcs_housekeeping,power.imu1_3v3_i_mA,,,"IMU1 (ADIS), 3V3 current ",,,,x,,,,,
lemadcs_housekeeping_t,sat.lemadcs.hk(),lemadcs_housekeeping,power.imu1_3v3_mV,,,"IMU1 (ADIS), 3V3 voltage ",,,,x,,,,,
lemadcs_housekeeping_t,sat.lemadcs.hk(),lemadcs_housekeeping,power.imu2_3v3_i_mA,,,"IMU2 (ICM), 3V3 current ",,,,x,,,,,
lemadcs_housekeeping_t,sat.lemadcs.hk(),lemadcs_housekeeping,power.imu2_3v3_mV,,,"IMU2 (ICM), 3V3 voltage ",,,,x,,,,,
lemadcs_housekeeping_t,sat.lemadcs.hk(),lemadcs_housekeeping,power.m0_lemadcs_nand_3v3_i_mA,,,LEMADCS SAM3X NAND 3V3 current,,,,x,,,,,
lemadcs_housekeeping_t,sat.lemadcs.hk(),lemadcs_housekeeping,power.m0_lemadcs_nand_3v3_mV,,,LEMADCS SAM3X NAND 3V3 voltage,,,,x,,,,,
lemadcs_housekeeping_t,sat.lemadcs.hk(),lemadcs_housekeeping,power.m0_lemadcs_sram_3v3_i_mA,,,LEMADCS SAM3X SRAM 3V3 current,,,,x,,,,,
lemadcs_housekeeping_t,sat.lemadcs.hk(),lemadcs_housekeeping,power.m0_lemadcs_sram_3v3_mV,,,LEMADCS SAM3X SRAM 3V3 voltage,,,,x,,,,,
lemadcs_housekeeping_t,sat.lemadcs.hk(),lemadcs_housekeeping,power.m1_nads1_in_3v3_i_mA,,,M1 NADS1 STM32 MCU input current,,,,x,,,,,
lemadcs_housekeeping_t,sat.lemadcs.hk(),lemadcs_housekeeping,power.m1_nads1_in_3v3_mV,,,M1 NADS1 STM32 MCU input voltage,,,,x,,,,,
lemadcs_housekeeping_t,sat.lemadcs.hk(),lemadcs_housekeeping,power.m1_nads1_out_3v3_i_mA,,,M1 NADS1 STM32 MCU output current,,,,x,,,,,
lemadcs_housekeeping_t,sat.lemadcs.hk(),lemadcs_housekeeping,power.m1_nads1_out_3v3_mV,,,M1 NADS1 STM32 MCU output voltage,,,,x,,,,,
lemadcs_housekeeping_t,sat.lemadcs.hk(),lemadcs_housekeeping,power.m2_nads2_in_3v3_i_mA,,,M2 NADS2 STM32 MCU input current,,,,x,,,,,
lemadcs_housekeeping_t,sat.lemadcs.hk(),lemadcs_housekeeping,power.m2_nads2_in_3v3_mV,,,M2 NADS2 STM32 MCU input voltage,,,,x,,,,,
lemadcs_housekeeping_t,sat.lemadcs.hk(),lemadcs_housekeeping,power.m2_nads2_out_3v3_i_mA,,,M2 NADS2 STM32 MCU output current,,,,x,,,,,
lemadcs_housekeeping_t,sat.lemadcs.hk(),lemadcs_housekeeping,power.m2_nads2_out_3v3_mV,,,M2 NADS2 STM32 MCU output voltage,,,,x,,,,,
lemadcs_housekeeping_t,sat.lemadcs.hk(),lemadcs_housekeeping,power.m3_magcss_in_3v3_i_mA,,,M3 MAGCSS STM32 MCU input current,,,,x,,,,,
lemadcs_housekeeping_t,sat.lemadcs.hk(),lemadcs_housekeeping,power.m3_magcss_in_3v3_mV,,,M3 MAGCSS STM32 MCU input voltage,,,,x,,,,,
lemadcs_housekeeping_t,sat.lemadcs.hk(),lemadcs_housekeeping,power.m3_magcss_out_3v3_i_mA,,,M3 MAGCSS STM32 MCU output current,,,,x,,,,,
lemadcs_housekeeping_t,sat.lemadcs.hk(),lemadcs_housekeeping,power.m3_magcss_out_3v3_mV,,,M3 MAGCSS STM32 MCU output voltage,,,,x,,,,,
lemadcs_housekeeping_t,sat.lemadcs.hk(),lemadcs_housekeeping,power.m4_zencss_in_3v3_i_mA,,,M4 ZENCSS STM32 MCU input current,,,,x,,,,,
lemadcs_housekeeping_t,sat.lemadcs.hk(),lemadcs_housekeeping,power.m4_zencss_in_3v3_mV,,,M4 ZENCS STM32 MCU input voltage,,,,x,,,,,
lemadcs_housekeeping_t,sat.lemadcs.hk(),lemadcs_housekeeping,power.m4_zencss_out_3v3_i_mA,,,M4 ZENCS STM32 MCU output current,,,,x,,,,,
lemadcs_housekeeping_t,sat.lemadcs.hk(),lemadcs_housekeeping,power.m4_zencss_out_3v3_mV,,,M4 ZENCS STM32 MCU output voltage,,,,x,,,,,
lemadcs_housekeeping_t,sat.lemadcs.hk(),lemadcs_housekeeping,power.main_3v3_i_mA,,,Main digital 3v3 rail current,,,,x,,,,,
lemadcs_housekeeping_t,sat.lemadcs.hk(),lemadcs_housekeeping,power.main_3v3_mV,,,Main digital 3v3 rail voltage,,,,x,,,,,
lemadcs_housekeeping_t,sat.lemadcs.hk(),lemadcs_housekeeping,power.mt1_5v_i_mA,,,Magnetic Torquer 1 current,,,,x,,,,,
lemadcs_housekeeping_t,sat.lemadcs.hk(),lemadcs_housekeeping,power.mt1_5v_mV,,,Magnetic Torquer 1 voltage,,,,x,,,,,
lemadcs_housekeeping_t,sat.lemadcs.hk(),lemadcs_housekeeping,power.mt2_5v_i_mA,,,Magnetic Torquer 2 current,,,,x,,,,,
lemadcs_housekeeping_t,sat.lemadcs.hk(),lemadcs_housekeeping,power.mt2_5v_mV,,,Magnetic Torquer 2 voltage,,,,x,,,,,
lemadcs_housekeeping_t,sat.lemadcs.hk(),lemadcs_housekeeping,power.mt3_5v_i_mA,,,Magnetic Torquer 3 current,,,,x,,,,,
lemadcs_housekeeping_t,sat.lemadcs.hk(),lemadcs_housekeeping,power.mt3_5v_mV,,,Magnetic Torquer 3 voltage,,,,x,,,,,
lemadcs_housekeeping_t,sat.lemadcs.hk(),lemadcs_housekeeping,power.switch_bitmask,,,Power Switch State Bitmask,,,,,,,,,
lemadcs_housekeeping_t,sat.lemadcs.hk(),lemadcs_housekeeping,power.switch_status,,,power.switch_bitmask parsed into json with key-value pair indicating switch-status data,,,,x,,,,,
lemadcs_housekeeping_t,sat.lemadcs.hk(),lemadcs_housekeeping,temps.board_lemadcs_degC,,,lemadcs board temperature,,,,x,,,,,
lemadcs_housekeeping_t,sat.lemadcs.hk(),lemadcs_housekeeping,temps.board_nadirmb_degC,,,nadirmb board temperature,,,,x,,,,,
lemadcs_housekeeping_t,sat.lemadcs.hk(),lemadcs_housekeeping,temps.board_spacsmb_degC,,,spacs_mb board temperature,,,,x,,,,,
lemadcs_housekeeping_t,sat.lemadcs.hk(),lemadcs_housekeeping,temps.irx1_degC,,,NADS IRS-X board temperature (NADS1),,,,x,,,,,
lemadcs_housekeeping_t,sat.lemadcs.hk(),lemadcs_housekeeping,temps.irx2_degC,,,NADS IRS-X board temperature (NADS2),,,,x,0,,60,,
lemadcs_housekeeping_t,sat.lemadcs.hk(),lemadcs_housekeeping,temps.iry1_degC,,,NADS IRS-Y board temperature (NADS1),,,,x,0,,60,,
lemadcs_housekeeping_t,sat.lemadcs.hk(),lemadcs_housekeeping,temps.iry2_degC,,,NADS IRS-Y board temperature (NADS2),,,,x,0,,60,,
lemadcs_housekeeping_t,sat.lemadcs.hk(),lemadcs_housekeeping,temps.m1_nads1_degC,,,NADS1 STM32 Temperature,,,,x,0,,60,,
lemadcs_housekeeping_t,sat.lemadcs.hk(),lemadcs_housekeeping,temps.m2_nads2_degC,,,NADS2 STM32 Temperature,,,,x,0,,60,,
lemadcs_housekeeping_t,sat.lemadcs.hk(),lemadcs_housekeeping,temps.m3_magcss_degC,,,MAGCSS STM32 Temperature,,,,x,0,,60,,
lemadcs_housekeeping_t,sat.lemadcs.hk(),lemadcs_housekeeping,temps.m4_zencss_degC,,,ZENCSS STM32 Temperature,,,,x,0,,60,,
lemadcs_housekeeping_t,sat.lemadcs.hk(),lemadcs_housekeeping,unix_timestamp,,,time since jan1 1970 in s,,,,WARN,1577836801,,,,
lemadcs_adcs_hk_t,sat.lemadcs.adcs_hk(),lemadcs_adcs_hk,acs_mode_active,--,--,"Active SPACS Attitude Control Mode as a string.
{0: NO-OP, 1: BDOT, 2: DETUMBLE, 3: SUNPOINT, 4: NADIRPOINTYAW, 5: SUNSPIN, 6: NADIRPOINTSUN, 7: SUNPOINTNADIR, 8: LATLONTRACK, 9: INERTIALPOINT}",str,n/a,n/a,,n/a,n/a,n/a,n/a,
lemadcs_adcs_hk_t,sat.lemadcs.adcs_hk(),lemadcs_adcs_hk,acs_mode_active_num,--,--,"Active SPACS Attitude Control Mode as a number.
{0: NO-OP, 1: BDOT, 2: DETUMBLE, 3: SUNPOINT, 4: NADIRPOINTYAW, 5: SUNSPIN, 6: NADIRPOINTSUN, 7: SUNPOINTNADIR, 8: LATLONTRACK, 9: INERTIALPOINT}",uint8,0 - 255,0 - 9,,0,--,9,,
lemadcs_adcs_hk_t,sat.lemadcs.adcs_hk(),lemadcs_adcs_hk,acs_mode_cmd,--,--,"Commanded SPACS Attitude Control Mode as a string.
{0: NO-OP, 1: BDOT, 2: DETUMBLE, 3: SUNPOINT, 4: NADIRPOINTYAW, 5: SUNSPIN, 6: NADIRPOINTSUN, 7: SUNPOINTNADIR, 8: LATLONTRACK, 9: INERTIALPOINT}",str,n/a,n/a,,n/a,n/a,n/a,n/a,
lemadcs_adcs_hk_t,sat.lemadcs.adcs_hk(),lemadcs_adcs_hk,acs_mode_cmd_num,--,--,"Commanded SPACS Attitude Control Mode as a number.
{0: NO-OP, 1: BDOT, 2: DETUMBLE, 3: SUNPOINT, 4: NADIRPOINTYAW, 5: SUNSPIN, 6: NADIRPOINTSUN, 7: SUNPOINTNADIR, 8: LATLONTRACK, 9: INERTIALPOINT}",uint8,0 - 255,0 - 9,,0,--,9,,
derived,sat.lemadcs.adcs_hk(),lemadcs_adcs_hk,altitude,m,GEO,"Estimated altitude of the satellite, in meters",float,float,0 - max float,,"120,000",--,"800,000",n/a,
derived,sat.lemadcs.adcs_hk(),lemadcs_adcs_hk,angle_magnad_eci_deg,deg,--,"Angle between mag and nadir vectors, modeled",float,float,0-180,,0,--,180,n/a,
derived,sat.lemadcs.adcs_hk(),lemadcs_adcs_hk,angle_magnad_error_deg,deg,--,Difference between measured and modeled angles between vectors,float,float,0-180,,0,--,180,n/a,
derived,sat.lemadcs.adcs_hk(),lemadcs_adcs_hk,angle_magnad_meas_deg,deg,--,"Angle between mag and nadir vectors, measured",float,float,0-180,,0,--,180,n/a,
derived,sat.lemadcs.adcs_hk(),lemadcs_adcs_hk,angle_magsun_eci_deg,deg,--,"Angle between mag and nadir vectors, modeled",float,float,0-180,,0,--,180,n/a,
derived,sat.lemadcs.adcs_hk(),lemadcs_adcs_hk,angle_magsun_error_deg,deg,--,Difference between measured and modeled angles between vectors,float,float,0-180,,0,--,180,n/a,
derived,sat.lemadcs.adcs_hk(),lemadcs_adcs_hk,angle_magsun_meas_deg,deg,--,"Angle between mag and sun vectors, measured",float,float,0-180,,0,--,180,n/a,
derived,sat.lemadcs.adcs_hk(),lemadcs_adcs_hk,angle_nadsun_eci_deg,deg,--,"Angle between sun and nadir vectors, modeled",float,float,0-180,,0,--,180,n/a,
derived,sat.lemadcs.adcs_hk(),lemadcs_adcs_hk,angle_nadsun_error_deg,deg,--,Difference between measured and modeled angles between vectors,float,float,0-180,,0,--,180,n/a,
derived,sat.lemadcs.adcs_hk(),lemadcs_adcs_hk,angle_nadsun_meas_deg,deg,--,"Angle between sun and nadir vectors, modeled",float,float,0-180,,0,--,180,n/a,
derived,sat.lemadcs.adcs_hk(),lemadcs_adcs_hk,angle_to_nadir_deg,deg,body frame,"Angle between the estimated nadir vector, and the Z axis of the satellite",float,float,0-180,,0,--,180,n/a,
lemadcs_adcs_hk_t,sat.lemadcs.adcs_hk(),lemadcs_adcs_hk,attitude_est_type,--,--,"Type of attitude estimator currently in use, as a string",,,,,,,,,
derived,sat.lemadcs.adcs_hk(),lemadcs_adcs_hk,attitude_est_type_num,--,--,"Type of attitude estimator currently in use, as a number",,,,,,,,,
lemadcs_adcs_hk_t,sat.lemadcs.adcs_hk(),lemadcs_adcs_hk,control_bdot,T/s,body frame,Magnetic Field rate of change estimate used in bdot controller,xyz_float_t,float,,,,,,,
derived,sat.lemadcs.adcs_hk(),lemadcs_adcs_hk,control_error_angle_deg,deg,--,Absolute control error angle,float,float,0-180,,,,,,
lemadcs_adcs_hk_t,sat.lemadcs.adcs_hk(),lemadcs_adcs_hk,"control_error_omega
{x, y, z}",rad/s,body frame,"Rate error passed to quaternion-feedback controller, which the controller will try to minimise",xyz_float_t,float,,,-1,-0.02 < X < 0.02,1,Depends on control mode,
lemadcs_adcs_hk_t,sat.lemadcs.adcs_hk(),lemadcs_adcs_hk,"control_error_q
{q1, q2, q3, q4}",quaternion,body frame,"Quaternion error passed to quaternion-feedback controller, which the controller will try to minimise",qbo_t,float,-1 - 1,,,,,"Should tend towards {0, 0, 0, 1}",
derived,sat.lemadcs.adcs_hk(),lemadcs_adcs_hk,css_used[0:26],--,--,Flag indicating if a particular sun-sensor was used in the computation of the sun-vector,int,0/1,0/1,, ,,,,
lemadcs_adcs_hk_t,sat.lemadcs.adcs_hk(),lemadcs_adcs_hk,css_used_bitmask,--,--,bitmask containing the css_used bit flags,uint32_t,--,--,,,,,,
derived,sat.lemadcs.adcs_hk(),lemadcs_adcs_hk,css_used_str,--,--,"bitmask string, 32 fields 0 or 1",str,--,--,,,,,,
derived,sat.lemadcs.adcs_hk(),lemadcs_adcs_hk,eclipse_flag,--,--,Flag indicating eclipse condition,int,,,,,,,,
lemadcs_adcs_hk_t,sat.lemadcs.adcs_hk(),lemadcs_adcs_hk,ekf_gyro_type,--,--,"Gyro currenty in use, as a string",,,,,,,,,
derived,sat.lemadcs.adcs_hk(),lemadcs_adcs_hk,ekf_gyro_type_num,--,--,"Gyro currently in use, as a number",,,,,,,,,
derived,sat.lemadcs.adcs_hk(),lemadcs_adcs_hk,euler_angles,deg,LVLH,"Current attitude in the LVLH (orbit) fram in degrees for Roll, Pitch, Yaw",,,,,,,,,
lemadcs_adcs_hk_t,sat.lemadcs.adcs_hk(),lemadcs_adcs_hk,gyro_bias_ekf_gyrovec,rad/s,body,Estimate of the bias in the gyro currently in use. ,,,,,,,,,
lemadcs_adcs_hk_t,sat.lemadcs.adcs_hk(),lemadcs_adcs_hk,imu1_gyro,rad/s,body,"IMU1 Gyro measurement, includes its bias",,,,,,,,,
derived,sat.lemadcs.adcs_hk(),lemadcs_adcs_hk,imu1_gyro_bias,rad/s,body,Bias estimate of IMU1 Gyro - only populated if IMU2 is the gyro currently in-use by the EKF-GYRO,,,,,,,,,
lemadcs_adcs_hk_t,sat.lemadcs.adcs_hk(),lemadcs_adcs_hk,imu2_gyro,rad/s,body,"IMU2 Gyro measurement, includes its bias",,,,,,,,,
derived,sat.lemadcs.adcs_hk(),lemadcs_adcs_hk,imu2_gyro_bias,rad/s,body,Bias estimate of IMU2 Gyro - only populated if IMU2 is the gyro currently in-use by the EKF-GYRO,,,,,,,,,
derived,sat.lemadcs.adcs_hk(),lemadcs_adcs_hk,lat_deg,deg,GEO,"Subsatellite latitude, in degrees",float,-180 - 180,,,,,,,
lemadcs_adcs_hk_t,sat.lemadcs.adcs_hk(),lemadcs_adcs_hk,latlontrack_body_vector,unitV,body,body-vector used to point at groud-targets,,,,,,,,,
lemadcs_adcs_hk_t,sat.lemadcs.adcs_hk(),lemadcs_adcs_hk,latlontrack_lat,rad,GEO,latitude used for ground-target tracking,,,,,,,,,
lemadcs_adcs_hk_t,sat.lemadcs.adcs_hk(),lemadcs_adcs_hk,latlontrack_lon,rad,GEO,longitude used for ground-target tracking,,,,,,,,,
lemadcs_adcs_hk_t,sat.lemadcs.adcs_hk(),lemadcs_adcs_hk,lease_time_remaining,s,--,Time remaining in the current ADCS lease,,,,,,,,,
derived,sat.lemadcs.adcs_hk(),lemadcs_adcs_hk,lemadcs_status,dict,--,dict containing Python/SWIG breakout of status_bitmask,dict,--,--,,,,,,
derived,sat.lemadcs.adcs_hk(),lemadcs_adcs_hk,lemadcs_status.acs_success,int (bool),--,ACS is able to calculate a solution,int,,,,,,,,
derived,sat.lemadcs.adcs_hk(),lemadcs_adcs_hk,lemadcs_status.att_sol_valid,int (bool),--,"If any of the following are 1, this is 1: 
[triad_sol_valid, ekf_full_sol_valid, ekf_gyrovec_sol_valid]",int,0/1,,,,,,,
derived,sat.lemadcs.adcs_hk(),lemadcs_adcs_hk,lemadcs_status.css_valid,int (bool),--,The sun sensor measurements did not have any errors and are considered valid,int,0/1,,,,,,,
derived,sat.lemadcs.adcs_hk(),lemadcs_adcs_hk,lemadcs_status.drag_control_active,int (bool),--,Drag control is enabled and currently active,int,0/1,--,,,,,,
derived,sat.lemadcs.adcs_hk(),lemadcs_adcs_hk,lemadcs_status.dre_tlm_valid,int (bool),--,LEMADCS is receiving valid DRE telemetry,int,0/1,,,,,,,
derived,sat.lemadcs.adcs_hk(),lemadcs_adcs_hk,lemadcs_status.ekf_full_sol_valid,int (bool),--,EKF-FULL estimate is valid and has converged,int,0/1,,,,,,,
derived,sat.lemadcs.adcs_hk(),lemadcs_adcs_hk,lemadcs_status.ekf_gyrovec_sol_valid,int (bool),--,EKF-GYRO estimate is valid and has converged,int,0/1,,,,,,,
derived,sat.lemadcs.adcs_hk(),lemadcs_adcs_hk,lemadcs_status.fs_initialized,int (bool),--,Filesystem initialized without error,int,0/1,,,,,,,
derived,sat.lemadcs.adcs_hk(),lemadcs_adcs_hk,lemadcs_status.imu1_valid,int (bool),--,The IMU1 measurements did not have any errors and are considered valid,int,0/1,,,,,,,
derived,sat.lemadcs.adcs_hk(),lemadcs_adcs_hk,lemadcs_status.imu2_valid,int (bool),--,The IMU2 measurements did not have any errors and are considered valid,int,0/1,,,,,,,
derived,sat.lemadcs.adcs_hk(),lemadcs_adcs_hk,lemadcs_status.lease_active,int (bool),--,A lease is currently active ,int,0/1,,,,,,,
derived,sat.lemadcs.adcs_hk(),lemadcs_adcs_hk,lemadcs_status.logging_functional,int (bool),--,The logging subsystem is functional and no buffer overflow occurred,int,0/1,,,,,,,
derived,sat.lemadcs.adcs_hk(),lemadcs_adcs_hk,lemadcs_status.mag1_valid,int (bool),--,The MAG1 measurements did not have any errors and are considered valid,int,0/1,,,,,,,
derived,sat.lemadcs.adcs_hk(),lemadcs_adcs_hk,lemadcs_status.mag2_valid,int (bool),--,The MAG2 measurements did not have any errors and are considered valid,int,0/1,,,,,,,
derived,sat.lemadcs.adcs_hk(),lemadcs_adcs_hk,lemadcs_status.momdump_active,int (bool),--,Momentum dumping is currently active,int,0/1,,,,,,,
derived,sat.lemadcs.adcs_hk(),lemadcs_adcs_hk,lemadcs_status.nads1_valid,int (bool),--,The composite nadir vector estimate from NADS1 is considered valid,int,0/1,,,,,,,
derived,sat.lemadcs.adcs_hk(),lemadcs_adcs_hk,lemadcs_status.nads2_valid,int (bool),--,The composite nadir vector estimate from NADS2 is considered valid,int,0/1,,,,,,,
derived,sat.lemadcs.adcs_hk(),lemadcs_adcs_hk,lemadcs_status.normal_boot,int (bool),--,The LEMADCS has booted up normally and is not in safe boot mode,int,0/1,,,,,,,
derived,sat.lemadcs.adcs_hk(),lemadcs_adcs_hk,lemadcs_status.obc_time_sync,int (bool),--,LEMADCS was able to synchronize time with the OBC,int,0/1,,,,,,,
derived,sat.lemadcs.adcs_hk(),lemadcs_adcs_hk,lemadcs_status.rkf_sol_valid,int (bool),--,,int,0/1,,,,,,,
derived,sat.lemadcs.adcs_hk(),lemadcs_adcs_hk,lemadcs_status.roll_rate_below_panic,int (bool),--,"Roll rate of the satellite is below the ""panic"" rate set in presets",int,0/1,,,,,,,
derived,sat.lemadcs.adcs_hk(),lemadcs_adcs_hk,lemadcs_status.rtc_time_valid,int (bool),--,RTC is capable of being read and producing valid values,int,0/1,,,,,,,
derived,sat.lemadcs.adcs_hk(),lemadcs_adcs_hk,lemadcs_status.sgp4_valid,int (bool),--,SGP4 successfully created orbit parameters from the TLE,int,0/1,,,,,,,
derived,sat.lemadcs.adcs_hk(),lemadcs_adcs_hk,lemadcs_status.tle_recent,int (bool),--,The TLE is recent (epoch is more recent than the limit set in the presets),int,0/1,,,,,,,
derived,sat.lemadcs.adcs_hk(),lemadcs_adcs_hk,lemadcs_status.tle_valid,int (bool),--,The TLE string is considerd a valid length,int,0/1,,,,,,,
derived,sat.lemadcs.adcs_hk(),lemadcs_adcs_hk,lemadcs_status.triad_sol_valid,int (bool),--,The deterministic attitude estimate (TRIAD method) is valid,int,0/1,,,,,,,
derived,sat.lemadcs.adcs_hk(),lemadcs_adcs_hk,lemadcs_status.use_imu1_data,int (bool),--,The IMU1 measurements are allowed to be used in the ACS-FSW,int,0/1,,,,,,,
derived,sat.lemadcs.adcs_hk(),lemadcs_adcs_hk,lemadcs_status.use_imu2_data,int (bool),--,The IMU2 measurements are allowed to be used in the ACS-FSW,int,0/1,,,,,,,
derived,sat.lemadcs.adcs_hk(),lemadcs_adcs_hk,lemadcs_status.use_mag_data,int (bool),--,The MAG measurements are allowed to be used in the ACS-FSW,int,0/1,,,,,,,
derived,sat.lemadcs.adcs_hk(),lemadcs_adcs_hk,lemadcs_status.use_nads_data,int (bool),--,The NADS measurements are allowed to be used in the ACS-FSW,int,0/1,,,,,,,
derived,sat.lemadcs.adcs_hk(),lemadcs_adcs_hk,lemadcs_status.use_sun_data,int (bool),--,The CSS measurements are allowed to be used in the ACS-FSW,int,0/1,,,,,,,
derived,sat.lemadcs.adcs_hk(),lemadcs_adcs_hk,lemadcs_status.wheel_speed_below_panic,int (bool),--,"The reaction wheel speed is below the ""panic"" limit set in presets",int,0/1,,,,,,,
derived,sat.lemadcs.adcs_hk(),lemadcs_adcs_hk,lon_deg,deg,GEO,"Subsatellite longitude, in degrees",float,-180 - 180,,,,,,,
lemadcs_adcs_hk_t,sat.lemadcs.adcs_hk(),lemadcs_adcs_hk,"mag_eci
{x, y, z}",T,ECI frame,"Modeled (Expected) Magnetic Field, based on current orbit and time, in the ECI inertial frame. Used to determine current attitude.",xyz_float_t,float,,,"-100,000","-60,000< X < 60,000","100,000",,
lemadcs_adcs_hk_t,sat.lemadcs.adcs_hk(),lemadcs_adcs_hk,"mag_vector
{x, y, z}",T,body frame,"Measured Magnetic Field, in body frame. Used to determine current attitude.",xyz_float_t,float,"-800,000 - 800,000",,"-200,000","-60,000< X < 60,000","200,000",,
lemadcs_adcs_hk_t,sat.lemadcs.adcs_hk(),lemadcs_adcs_hk,"mt_dipole_cmd
{x, y, z}",A*m^2,body frame,"commanded dipole per axis, for magnetic torquers (MTs) ",xyz_float_t,float,,,-1,,1,,
lemadcs_adcs_hk_t,sat.lemadcs.adcs_hk(),lemadcs_adcs_hk,"mt_duty_cycle
{x, y, z}",ms,SPACS T.C. HW,"signed (+/-) duty cycle, in ms, for each MT axis, used to achieve commanded dipole value.",xyz_int16_t,-32768 - 32767,-500  - 500,,-500,,500,NOT (0 < abs(mt_duty) < 5),"MT duty should never less than 5ms, unless its 0."
derived,sat.lemadcs.adcs_hk(),lemadcs_adcs_hk,mt_torque,Nm,body frame,Estimate of body torque produced by the magnetorquers,xyz_float_t,,,,,,,,
lemadcs_adcs_hk_t,sat.lemadcs.adcs_hk(),lemadcs_adcs_hk,nadir_vector,unitV,body frame,The nadir vector estimated from the NADS,xyz_float_t,,,,,,,,
derived,sat.lemadcs.adcs_hk(),lemadcs_adcs_hk,nadir_vector_acs,unitV,body frame,Nadir vector estimated by the ACS-FSW,xyz_float_t,,,,,,,,
lemadcs_adcs_hk_t,sat.lemadcs.adcs_hk(),lemadcs_adcs_hk,omega_bi_est,rad/s,,Body rate estimate in inertial frame,,,,,,,,,
lemadcs_adcs_hk_t,sat.lemadcs.adcs_hk(),lemadcs_adcs_hk,omega_bo_est,rad/s,,Body rate estimate in orbit frame,,,,,,,,,
derived,sat.lemadcs.adcs_hk(),lemadcs_adcs_hk,opmode,--,--,"SPACS Operations Mode STRING. This is independent of the SPACS Attitude Control Mode.
0: CONTROL, 1: OVERRIDE, 2: PANIC",str,--,--,,,,,,
lemadcs_adcs_hk_t,sat.lemadcs.adcs_hk(),lemadcs_adcs_hk,opmode_num,--,--,"""SPACS Operations Mode NUMBER. This is independent of the SPACS Attitude Control Mode.
0: CONTROL, 1: OVERRIDE, 2: PANIC""",str,--,--,,,,,,
derived,sat.lemadcs.adcs_hk(),lemadcs_adcs_hk,pointing_error_angle_deg,deg,--,"The pointing error, adjusted for mode - meant to be a helper for ops performance evaluation",float,float,0 - 180,,,,,,
lemadcs_adcs_hk_t,sat.lemadcs.adcs_hk(),lemadcs_adcs_hk,q_bi_est,quaternion,ECI,estimated spacecraft attitude quaternion in the intertial coordinate frame,float,float,0-1,,,,,,
lemadcs_adcs_hk_t,sat.lemadcs.adcs_hk(),lemadcs_adcs_hk,q_bo_est,quaternion,LVLH,estimated spacecraft attitude quaternion in the orbit (lvlh) coordinate frame,float,float,0-1,,,,,,
lemadcs_adcs_hk_t,sat.lemadcs.adcs_hk(),lemadcs_adcs_hk,qcf,quaternion,--,control-frame quaternion (formerly called QBO in API1 and API2),float,float,0-1,,,,,,
derived,sat.lemadcs.adcs_hk(),lemadcs_adcs_hk,r_ecef,m,ECEF,spacecraft position estimate in the ECEF frame,xyz_float_t,float,"120,000-
800,000",,,,,,
lemadcs_adcs_hk_t,sat.lemadcs.adcs_hk(),lemadcs_adcs_hk,r_eci,m,ECI,"estimated spacecraft position, in ECI inertial frame",xyz_float_t,float,"120,000-
800,000",,,,,,
lemadcs_adcs_hk_t,sat.lemadcs.adcs_hk(),lemadcs_adcs_hk,status_bitmask,bitmask,--,"the raw bitmask, as an int",uint32,<---,--,,,,,,
lemadcs_adcs_hk_t,sat.lemadcs.adcs_hk(),lemadcs_adcs_hk,sun_eci,unitV,ECI frame,"Modeled (Expected) Sun Vector, based on current orbit and time, in the ECI inertial frame. Used to determine current attitude.",xyz_float_t,float,-1 - 1,,,,,,
lemadcs_adcs_hk_t,sat.lemadcs.adcs_hk(),lemadcs_adcs_hk,sun_vector,unitV,body frame,"Measured Sun Vector, in body frame. Used to determine current attitude.",xyz_float_t,float,-1 - 1,,,,,,
lemadcs_adcs_hk_t,sat.lemadcs.adcs_hk(),lemadcs_adcs_hk,sunpoint_body_vector,unitV,body frame,Body vector used for sun-pointing operations,xyz_float_t,float,-1 - 1,,,,,,
derived,sat.lemadcs.adcs_hk(),lemadcs_adcs_hk,sunpoint_error_angle_deg,deg,,"Sunpointing angle error, in deg",float,float,0 - 180,,,,,,
derived,sat.lemadcs.adcs_hk(),lemadcs_adcs_hk,total_control_torque,Nm,body,Sum of all control torques imparted by the actuators,xyz_float_t,float,,,,,,,
lemadcs_adcs_hk_t,sat.lemadcs.adcs_hk(),lemadcs_adcs_hk,unix_timestamp,s,--,unix time (seconds since jan1 1970) of the LEMADCS RTC clock,double,,,,,,,,
lemadcs_adcs_hk_t,sat.lemadcs.adcs_hk(),lemadcs_adcs_hk,v_eci,m/s,ECI frame,"estimated spacecraft velocity, in ECI inertial frame",xyz_float_t,,,,,,,,
derived,sat.lemadcs.adcs_hk(),lemadcs_adcs_hk,wheel_momentum,Nms,body,stored momentum in the reaction wheels,xyz_float_t,,,,,,,,
lemadcs_adcs_hk_t,sat.lemadcs.adcs_hk(),lemadcs_adcs_hk,wheel_speed_cmd,rpm,body frame,"Commanded wheel speed, mapped into body frame (positive wheel rotation follows right-hand-ruie for axis).  Commanded wheel speeds are typically zero when in 3-axis control modes, as the wheels are driven using torque control.",xyz_int16_t,-32768 - 32767,-10000 - 10000,,,,,,
lemadcs_adcs_hk_t,sat.lemadcs.adcs_hk(),lemadcs_adcs_hk,wheel_speed_msd,rpm,body frame,"measured wheel speed, mapped into body frame (positive wheel rotation follows right-hand-ruie for axis)",xyz_int16_t,-32768 - 32767,-10000 - 10000,,,,,,
lemadcs_adcs_hk_t,sat.lemadcs.adcs_hk(),lemadcs_adcs_hk,wheel_torque_cmd_acs,N-m,body frame,"Commanded wheel torques, mapped into body frame (positive wheel torque follows right-hand-ruie for axis). The commanded torque value is produced by ADCS control software.",xyz_float_t,,+/- 0.004,,,,,,
lemadcs_adcs_hk_t,sat.lemadcs.adcs_hk(),lemadcs_adcs_hk,wheel_torque_cmd_dre,N-m,body frame,"Reported wheel torque commands, mapped into body frame (positive wheel torque follows right-hand-ruie for axis). This value is returned from the wheel drive electronics and should confirm commanded torques from ADCS software.",xyz_float_t,,+/- 0.004,,,,,,
lemadcs_adcs_hk_t,sat.lemadcs.adcs_hk(),lemadcs_adcs_hk,yawsun,rad,body-frame,the yawsum error used in some nadir-sunpointing operations,float,float,-180 - 180,,,,,,
,,,,,,,,,,,,,,,
,,,,,,,,,,,,,,,
,,,,,,,,,,,,,,,
,,,,,,,,,,,,,,,
,,,,,,,,,,,,,,,
,,,,,,,,,,,,,,,
,,,,,,,,,,,,,,,
,,,,,,,,,,,,,,,
,,,,,,,,,,,,,,,
,,,,,,,,,,,,,,,
,,,,,,,,,,,,,,,
,,,,,,,,,,,,,,,
,,,,,,,,,,,,,,,
 bctrw_l0_telem_t,sat.lemdacs.dre_l0(),lemadcs_dre_l0,ADC_WORD_1,"Documented in Blue Canyon's Drive Control Electronics Interface Control Document
https://drive.google.com/open?id=10lYWLL1yRN6XmHvi-NWjiBjqpjUEu0Yq",,,,,,,,,,,
 bctrw_l0_telem_t,sat.lemdacs.dre_l0(),lemadcs_dre_l0,ADC_WORD_2,,,,,,,,,,,,
 bctrw_l0_telem_t,sat.lemdacs.dre_l0(),lemadcs_dre_l0,ADC_WORD_3,,,,,,,,,,,,
 bctrw_l0_telem_t,sat.lemdacs.dre_l0(),lemadcs_dre_l0,ADC_WORD_4,,,,,,,,,,,,
 bctrw_l0_telem_t,sat.lemdacs.dre_l0(),lemadcs_dre_l0,CMD_TAG_TIME,,,,,,,,,,,,
 bctrw_l0_telem_t,sat.lemdacs.dre_l0(),lemadcs_dre_l0,STATUS_WORD_1,,,,,,,,,,,,
 bctrw_l0_telem_t,sat.lemdacs.dre_l0(),lemadcs_dre_l0,STATUS_WORD_2,,,,,,,,,,,,
 bctrw_l0_telem_t,sat.lemdacs.dre_l0(),lemadcs_dre_l0,SYNC,,,,,,,,,,,"ALLOWED = {0, 51966}",only two valid sync words - 0 or 51966
 bctrw_l0_telem_t,sat.lemdacs.dre_l0(),lemadcs_dre_l0,adc1_chan0,,,,,,,,,,,,
 bctrw_l0_telem_t,sat.lemdacs.dre_l0(),lemadcs_dre_l0,adc1_chan1,,,,,,,,,,,,
 bctrw_l0_telem_t,sat.lemdacs.dre_l0(),lemadcs_dre_l0,adc2_chan0,,,,,,,,,,,,
 bctrw_l0_telem_t,sat.lemdacs.dre_l0(),lemadcs_dre_l0,adc2_chan1,,,,,,,,,,,,
 bctrw_l0_telem_t,sat.lemdacs.dre_l0(),lemadcs_dre_l0,adc3_chan0,,,,,,,,,,,,
 bctrw_l0_telem_t,sat.lemdacs.dre_l0(),lemadcs_dre_l0,adc3_chan1,,,,,,,,,,,,
 bctrw_l0_telem_t,sat.lemdacs.dre_l0(),lemadcs_dre_l0,adc4_chan0,,,,,,,,,,,,
 bctrw_l0_telem_t,sat.lemdacs.dre_l0(),lemadcs_dre_l0,adc4_chan1,,,,,,,,,,,,
 bctrw_l0_telem_t,sat.lemdacs.dre_l0(),lemadcs_dre_l0,boot_relay_status,,,,,,,,,,,,
 bctrw_l0_telem_t,sat.lemdacs.dre_l0(),lemadcs_dre_l0,boot_table_select,,,,,,,,,,,,
 bctrw_l0_telem_t,sat.lemdacs.dre_l0(),lemadcs_dre_l0,hardware_second_counter,,,,,,,,,,,,
 bctrw_l0_telem_t,sat.lemdacs.dre_l0(),lemadcs_dre_l0,l0_accept_counter,,,,,,,,,,,,
 bctrw_l0_telem_t,sat.lemdacs.dre_l0(),lemadcs_dre_l0,l0_reject_counter,,,,,,,,,,,,
 bctrw_l0_telem_t,sat.lemdacs.dre_l0(),lemadcs_dre_l0,processor_reset_arm,,,,,,,,,,,,
 bctrw_l0_telem_t,sat.lemdacs.dre_l0(),lemadcs_dre_l0,sync_word,,,,,,,,,,,,
 bctrw_l0_telem_t,sat.lemdacs.dre_l0(),lemadcs_dre_l0,watchdog_reset_en,,,,,,,,,,,,
 bctrw_l0_telem_t,sat.lemdacs.dre_l0(),lemadcs_dre_l0,watchdog_tatus_ev,,,,,,,,,,,,
 bctrw_l0_telem_t,sat.lemdacs.dre_l0(),lemadcs_dre_l0,wd2,,,,,,,,,,,,
 bctrw_l1_telem_conv_t,sat.lemdacs.dre_l1(),lemadcs_dre_l1,ASYNC_RUNNING,"Documented in Blue Canyon's Drive Control Electronics Interface Control Document
https://drive.google.com/open?id=10lYWLL1yRN6XmHvi-NWjiBjqpjUEu0Yq",,,,,,,,,,,
 bctrw_l1_telem_conv_t,sat.lemdacs.dre_l1(),lemadcs_dre_l1,BUFFER_INDEX,,,,,,,,,,,,
 bctrw_l1_telem_conv_t,sat.lemdacs.dre_l1(),lemadcs_dre_l1,CHECKSUM,,,,,,,,,,,,
 bctrw_l1_telem_conv_t,sat.lemdacs.dre_l1(),lemadcs_dre_l1,CLOCK_SYNC_ENABLE,,,,,,,,,,,,
 bctrw_l1_telem_conv_t,sat.lemdacs.dre_l1(),lemadcs_dre_l1,CMD_ACCEPT_COUNT,,,,,,,,,,,,
 bctrw_l1_telem_conv_t,sat.lemdacs.dre_l1(),lemadcs_dre_l1,CMD_REJECT_COUNT,,,,,,,,,,,,
 bctrw_l1_telem_conv_t,sat.lemdacs.dre_l1(),lemadcs_dre_l1,CMD_REJECT_STATUS,,,,,,,,,,,,
 bctrw_l1_telem_conv_t,sat.lemdacs.dre_l1(),lemadcs_dre_l1,CMD_STATUS,,,,,,,,,,,,
 bctrw_l1_telem_conv_t,sat.lemdacs.dre_l1(),lemadcs_dre_l1,CONTROL_MODE1,,,,,,,,,,,,
 bctrw_l1_telem_conv_t,sat.lemdacs.dre_l1(),lemadcs_dre_l1,CONTROL_MODE2,,,,,,,,,,,,
 bctrw_l1_telem_conv_t,sat.lemdacs.dre_l1(),lemadcs_dre_l1,CONTROL_MODE3,,,,,,,,,,,,
 bctrw_l1_telem_conv_t,sat.lemdacs.dre_l1(),lemadcs_dre_l1,COUNTS_PER_SEC,,,,,,,,,,,,
 bctrw_l1_telem_conv_t,sat.lemdacs.dre_l1(),lemadcs_dre_l1,CYCLES_SINCE_PPS,,,,,,,,,,,,
 bctrw_l1_telem_conv_t,sat.lemdacs.dre_l1(),lemadcs_dre_l1,DRAG_EST1,,,,,,,,,,,,
 bctrw_l1_telem_conv_t,sat.lemdacs.dre_l1(),lemadcs_dre_l1,DRAG_EST2,,,,,,,,,,,,
 bctrw_l1_telem_conv_t,sat.lemdacs.dre_l1(),lemadcs_dre_l1,DRAG_EST3,,,,,,,,,,,,
 bctrw_l1_telem_conv_t,sat.lemdacs.dre_l1(),lemadcs_dre_l1,DUTY_CYCLE1,,,,,,,,,,,,
 bctrw_l1_telem_conv_t,sat.lemdacs.dre_l1(),lemadcs_dre_l1,DUTY_CYCLE2,,,,,,,,,,,,
 bctrw_l1_telem_conv_t,sat.lemdacs.dre_l1(),lemadcs_dre_l1,DUTY_CYCLE3,,,,,,,,,,,,
 bctrw_l1_telem_conv_t,sat.lemdacs.dre_l1(),lemadcs_dre_l1,FILE_POINTER,,,,,,,,,,,,
 bctrw_l1_telem_conv_t,sat.lemdacs.dre_l1(),lemadcs_dre_l1,FILTERED_SPEED_RPM1,,,,,,,,,,,,
 bctrw_l1_telem_conv_t,sat.lemdacs.dre_l1(),lemadcs_dre_l1,FILTERED_SPEED_RPM2,,,,,,,,,,,,
 bctrw_l1_telem_conv_t,sat.lemdacs.dre_l1(),lemadcs_dre_l1,FILTERED_SPEED_RPM3,,,,,,,,,,,,
 bctrw_l1_telem_conv_t,sat.lemdacs.dre_l1(),lemadcs_dre_l1,FLASH_BURN_ARMED,,,,,,,,,,,,
 bctrw_l1_telem_conv_t,sat.lemdacs.dre_l1(),lemadcs_dre_l1,HARDWARE_VERSION,,,,,,,,,,,,
 bctrw_l1_telem_conv_t,sat.lemdacs.dre_l1(),lemadcs_dre_l1,HR_CYCLE_NUM,,,,,,,,,,,,
 bctrw_l1_telem_conv_t,sat.lemdacs.dre_l1(),lemadcs_dre_l1,HR_RUN_COUNT,,,,,,,,,,,,
 bctrw_l1_telem_conv_t,sat.lemdacs.dre_l1(),lemadcs_dre_l1,HR_TIME_USEC,,,,,,,,,,,,
 bctrw_l1_telem_conv_t,sat.lemdacs.dre_l1(),lemadcs_dre_l1,IMAGE,,,,,,,,,,,,
 bctrw_l1_telem_conv_t,sat.lemdacs.dre_l1(),lemadcs_dre_l1,LAST_ACC_CMD_BYTES1,,,,,,,,,,,,
 bctrw_l1_telem_conv_t,sat.lemdacs.dre_l1(),lemadcs_dre_l1,LAST_ACC_CMD_BYTES2,,,,,,,,,,,,
 bctrw_l1_telem_conv_t,sat.lemdacs.dre_l1(),lemadcs_dre_l1,LAST_ACC_CMD_BYTES3,,,,,,,,,,,,
 bctrw_l1_telem_conv_t,sat.lemdacs.dre_l1(),lemadcs_dre_l1,LAST_ACC_CMD_BYTES4,,,,,,,,,,,,
 bctrw_l1_telem_conv_t,sat.lemdacs.dre_l1(),lemadcs_dre_l1,LAST_ACC_CMD_BYTES5,,,,,,,,,,,,
 bctrw_l1_telem_conv_t,sat.lemdacs.dre_l1(),lemadcs_dre_l1,LAST_ACC_CMD_BYTES6,,,,,,,,,,,,
 bctrw_l1_telem_conv_t,sat.lemdacs.dre_l1(),lemadcs_dre_l1,LAST_ACC_CMD_BYTES7,,,,,,,,,,,,
 bctrw_l1_telem_conv_t,sat.lemdacs.dre_l1(),lemadcs_dre_l1,LAST_ACC_CMD_BYTES8,,,,,,,,,,,,
 bctrw_l1_telem_conv_t,sat.lemdacs.dre_l1(),lemadcs_dre_l1,LAST_REJ_CMD_BYTES1,,,,,,,,,,,,
 bctrw_l1_telem_conv_t,sat.lemdacs.dre_l1(),lemadcs_dre_l1,LAST_REJ_CMD_BYTES2,,,,,,,,,,,,
 bctrw_l1_telem_conv_t,sat.lemdacs.dre_l1(),lemadcs_dre_l1,LAST_REJ_CMD_BYTES3,,,,,,,,,,,,
 bctrw_l1_telem_conv_t,sat.lemdacs.dre_l1(),lemadcs_dre_l1,LAST_REJ_CMD_BYTES4,,,,,,,,,,,,
 bctrw_l1_telem_conv_t,sat.lemdacs.dre_l1(),lemadcs_dre_l1,LAST_REJ_CMD_BYTES5,,,,,,,,,,,,
 bctrw_l1_telem_conv_t,sat.lemdacs.dre_l1(),lemadcs_dre_l1,LAST_REJ_CMD_BYTES6,,,,,,,,,,,,
 bctrw_l1_telem_conv_t,sat.lemdacs.dre_l1(),lemadcs_dre_l1,LAST_REJ_CMD_BYTES7,,,,,,,,,,,,
 bctrw_l1_telem_conv_t,sat.lemdacs.dre_l1(),lemadcs_dre_l1,LAST_REJ_CMD_BYTES8,,,,,,,,,,,,
 bctrw_l1_telem_conv_t,sat.lemdacs.dre_l1(),lemadcs_dre_l1,LENGTH32,,,,,,,,,,,,
 bctrw_l1_telem_conv_t,sat.lemdacs.dre_l1(),lemadcs_dre_l1,MEAS_WHEEL_CURRENT1,,,,,,,,,,,,
 bctrw_l1_telem_conv_t,sat.lemdacs.dre_l1(),lemadcs_dre_l1,MEAS_WHEEL_CURRENT2,,,,,,,,,,,,
 bctrw_l1_telem_conv_t,sat.lemdacs.dre_l1(),lemadcs_dre_l1,MEAS_WHEEL_CURRENT3,,,,,,,,,,,,
 bctrw_l1_telem_conv_t,sat.lemdacs.dre_l1(),lemadcs_dre_l1,MOTOR1_TEMP,,,,,,,,,,,,
 bctrw_l1_telem_conv_t,sat.lemdacs.dre_l1(),lemadcs_dre_l1,MOTOR2_TEMP,,,,,,,,,,,,
 bctrw_l1_telem_conv_t,sat.lemdacs.dre_l1(),lemadcs_dre_l1,MOTOR3_TEMP,,,,,,,,,,,,
 bctrw_l1_telem_conv_t,sat.lemdacs.dre_l1(),lemadcs_dre_l1,MOTOR_FAULT1,,,,,,,,,,,,
 bctrw_l1_telem_conv_t,sat.lemdacs.dre_l1(),lemadcs_dre_l1,MOTOR_FAULT2,,,,,,,,,,,,
 bctrw_l1_telem_conv_t,sat.lemdacs.dre_l1(),lemadcs_dre_l1,MOTOR_FAULT3,,,,,,,,,,,,
 bctrw_l1_telem_conv_t,sat.lemdacs.dre_l1(),lemadcs_dre_l1,MOTOR_HALL_STATE1,,,,,,,,,,,,
 bctrw_l1_telem_conv_t,sat.lemdacs.dre_l1(),lemadcs_dre_l1,MOTOR_HALL_STATE2,,,,,,,,,,,,
 bctrw_l1_telem_conv_t,sat.lemdacs.dre_l1(),lemadcs_dre_l1,MOTOR_HALL_STATE3,,,,,,,,,,,,
 bctrw_l1_telem_conv_t,sat.lemdacs.dre_l1(),lemadcs_dre_l1,MOTOR_TACH_COUNTS1,,,,,,,,,,,,
 bctrw_l1_telem_conv_t,sat.lemdacs.dre_l1(),lemadcs_dre_l1,MOTOR_TACH_COUNTS2,,,,,,,,,,,,
 bctrw_l1_telem_conv_t,sat.lemdacs.dre_l1(),lemadcs_dre_l1,MOTOR_TACH_COUNTS3,,,,,,,,,,,,
 bctrw_l1_telem_conv_t,sat.lemdacs.dre_l1(),lemadcs_dre_l1,OBS_ANGLE_RESIDUAL1,,,,,,,,,,,,
 bctrw_l1_telem_conv_t,sat.lemdacs.dre_l1(),lemadcs_dre_l1,OBS_ANGLE_RESIDUAL2,,,,,,,,,,,,
 bctrw_l1_telem_conv_t,sat.lemdacs.dre_l1(),lemadcs_dre_l1,OBS_ANGLE_RESIDUAL3,,,,,,,,,,,,
 bctrw_l1_telem_conv_t,sat.lemdacs.dre_l1(),lemadcs_dre_l1,OFFSET32,,,,,,,,,,,,
 bctrw_l1_telem_conv_t,sat.lemdacs.dre_l1(),lemadcs_dre_l1,OPERATING_MODE1,,,,,,,,,,,,
 bctrw_l1_telem_conv_t,sat.lemdacs.dre_l1(),lemadcs_dre_l1,OPERATING_MODE2,,,,,,,,,,,,
 bctrw_l1_telem_conv_t,sat.lemdacs.dre_l1(),lemadcs_dre_l1,OPERATING_MODE3,,,,,,,,,,,,
 bctrw_l1_telem_conv_t,sat.lemdacs.dre_l1(),lemadcs_dre_l1,PWM_COUNTS1,,,,,,,,,,,,
 bctrw_l1_telem_conv_t,sat.lemdacs.dre_l1(),lemadcs_dre_l1,PWM_COUNTS2,,,,,,,,,,,,
 bctrw_l1_telem_conv_t,sat.lemdacs.dre_l1(),lemadcs_dre_l1,PWM_COUNTS3,,,,,,,,,,,,
 bctrw_l1_telem_conv_t,sat.lemdacs.dre_l1(),lemadcs_dre_l1,PW_MDIRECTION1,,,,,,,,,,,,
 bctrw_l1_telem_conv_t,sat.lemdacs.dre_l1(),lemadcs_dre_l1,PW_MDIRECTION2,,,,,,,,,,,,
 bctrw_l1_telem_conv_t,sat.lemdacs.dre_l1(),lemadcs_dre_l1,PW_MDIRECTION3,,,,,,,,,,,,
 bctrw_l1_telem_conv_t,sat.lemdacs.dre_l1(),lemadcs_dre_l1,PW_MENABLE1,,,,,,,,,,,,
 bctrw_l1_telem_conv_t,sat.lemdacs.dre_l1(),lemadcs_dre_l1,PW_MENABLE2,,,,,,,,,,,,
 bctrw_l1_telem_conv_t,sat.lemdacs.dre_l1(),lemadcs_dre_l1,PW_MENABLE3,,,,,,,,,,,,
 bctrw_l1_telem_conv_t,sat.lemdacs.dre_l1(),lemadcs_dre_l1,RW_TIME,,,,,,,,,,,,
 bctrw_l1_telem_conv_t,sat.lemdacs.dre_l1(),lemadcs_dre_l1,SOFTWARE_VERSION1,,,,,,,,,,,,
 bctrw_l1_telem_conv_t,sat.lemdacs.dre_l1(),lemadcs_dre_l1,SOFTWARE_VERSION2,,,,,,,,,,,,
 bctrw_l1_telem_conv_t,sat.lemdacs.dre_l1(),lemadcs_dre_l1,STREAMING,,,,,,,,,,,,
 bctrw_l1_telem_conv_t,sat.lemdacs.dre_l1(),lemadcs_dre_l1,TABLE_UPLOAD_STATUS,,,,,,,,,,,,
 bctrw_l1_telem_conv_t,sat.lemdacs.dre_l1(),lemadcs_dre_l1,THETA_ERR1,,,,,,,,,,,,
 bctrw_l1_telem_conv_t,sat.lemdacs.dre_l1(),lemadcs_dre_l1,THETA_ERR2,,,,,,,,,,,,
 bctrw_l1_telem_conv_t,sat.lemdacs.dre_l1(),lemadcs_dre_l1,THETA_ERR3,,,,,,,,,,,,
 bctrw_l1_telem_conv_t,sat.lemdacs.dre_l1(),lemadcs_dre_l1,TLM_TABLE_USED,,,,,,,,,,,,
 bctrw_l1_telem_conv_t,sat.lemdacs.dre_l1(),lemadcs_dre_l1,TORQUE_COMMAND1,,,,,,,,,,,,
 bctrw_l1_telem_conv_t,sat.lemdacs.dre_l1(),lemadcs_dre_l1,TORQUE_COMMAND2,,,,,,,,,,,,
 bctrw_l1_telem_conv_t,sat.lemdacs.dre_l1(),lemadcs_dre_l1,TORQUE_COMMAND3,,,,,,,,,,,,
 bctrw_l1_telem_conv_t,sat.lemdacs.dre_l1(),lemadcs_dre_l1,VHR_0_EXEC_TIME_US,,,,,,,,,,,,
 bctrw_l1_telem_conv_t,sat.lemdacs.dre_l1(),lemadcs_dre_l1,VHR_CYCLE_NUM,,,,,,,,,,,,
 bctrw_l1_telem_conv_t,sat.lemdacs.dre_l1(),lemadcs_dre_l1,VHR_EXEC_TIME_MS,,,,,,,,,,,,
 bctrw_l1_telem_conv_t,sat.lemdacs.dre_l1(),lemadcs_dre_l1,VOLTAGE_1P0,,,,,,,,,,,,
 bctrw_l1_telem_conv_t,sat.lemdacs.dre_l1(),lemadcs_dre_l1,VOLTAGE_1P8,,,,,,,,,,,,
 bctrw_l1_telem_conv_t,sat.lemdacs.dre_l1(),lemadcs_dre_l1,WHEEL_MOMENTA_321,,,,,,,,,,,,
 bctrw_l1_telem_conv_t,sat.lemdacs.dre_l1(),lemadcs_dre_l1,WHEEL_MOMENTA_322,,,,,,,,,,,,
 bctrw_l1_telem_conv_t,sat.lemdacs.dre_l1(),lemadcs_dre_l1,WHEEL_MOMENTA_323,,,,,,,,,,,,
 bctrw_l1_telem_conv_t,sat.lemdacs.dre_l1(),lemadcs_dre_l1,WHICH_TABLE,,,,,,,,,,,,